test_cost,test_acc,cumulative_time_ns
1,0.16529999673366547,159795.9375
2,0.21699999272823334,289073.625
3,0.2581000030040741,409480.75
4,0.3073999881744385,528791.3125
5,0.35269999504089355,649931.875
6,0.40869998931884766,768325.0
7,0.4657999873161316,888913.0
8,0.5072000026702881,1007842.3125
9,0.5615000128746033,1126620.5
10,0.6043000221252441,1247299.25
11,0.6366999745368958,1366060.75
12,0.6536999940872192,1484591.125
13,0.6779000163078308,1606342.875
14,0.6909000277519226,1724961.375
15,0.7045999765396118,1843777.125
16,0.7156999707221985,1962163.125
17,0.723800003528595,2082489.75
18,0.7315000295639038,2201642.25
19,0.7369999885559082,2320436.0
20,0.7396000027656555,2438909.25
21,0.7459999918937683,2557917.75
22,0.7498000264167786,2676660.5
23,0.7538999915122986,2796874.5
24,0.7555999755859375,2929535.75
25,0.7566999793052673,3068353.25
26,0.762499988079071,3185447.0
27,0.7656000256538391,3303290.5
28,0.7662000060081482,3420828.5
29,0.7681999802589417,3538594.25
30,0.7696999907493591,3655991.0
31,0.7753999829292297,3773672.5
32,0.7756999731063843,3891003.5
33,0.7782999873161316,4008885.5
34,0.7804999947547913,4126564.25
35,0.7804999947547913,4244110.0
36,0.7811999917030334,4361471.5
37,0.7815999984741211,4479357.0
38,0.7828999757766724,4596731.5
39,0.7843999862670898,4714550.5
40,0.7860999703407288,4832119.0
41,0.786899983882904,4949942.0
42,0.7878999710083008,5067434.0
43,0.7875000238418579,5185313.0
44,0.789900004863739,5302729.5
45,0.7925000190734863,5420533.5
46,0.7949000000953674,5538104.0
47,0.7940999865531921,5655851.5
48,0.795799970626831,5773271.5
49,0.7975999712944031,5891109.5
50,0.7975999712944031,6008406.5
51,0.7972000241279602,6126470.5
52,0.7996000051498413,6244115.5
53,0.8014000058174133,6362015.0
54,0.8019000291824341,6479395.0
55,0.8019000291824341,6597466.0
56,0.803600013256073,6714996.5
57,0.801800012588501,6833508.5
58,0.8058000206947327,6950943.0
59,0.8069000244140625,7068725.5
60,0.8054999709129333,7186166.0
61,0.8083000183105469,7304214.5
62,0.8093000054359436,7421892.5
63,0.8080000281333923,7539858.0
64,0.8116000294685364,7657571.0
65,0.8101000189781189,7775425.0
66,0.810699999332428,7893105.0
67,0.8131999969482422,8011129.5
68,0.8127999901771545,8129522.0
69,0.8134999871253967,8247517.5
70,0.8130000233650208,8365342.5
71,0.8144000172615051,8483363.0
72,0.8162999749183655,8601256.0
73,0.8162999749183655,8719949.0
74,0.817799985408783,8837350.0
75,0.817799985408783,8955480.0
76,0.8195000290870667,9073338.0
77,0.8201000094413757,9191608.0
78,0.8201000094413757,9309444.0
79,0.8215000033378601,9427678.0
80,0.8230999708175659,9545406.0
81,0.8224999904632568,9663617.0
82,0.8224999904632568,9781516.0
83,0.8223999738693237,9899403.0
84,0.8238000273704529,10017198.0
85,0.8246999979019165,10135237.0
86,0.8246999979019165,10253177.0
87,0.8246999979019165,10371385.0
88,0.8258000016212463,10489079.0
89,0.8245999813079834,10607284.0
90,0.8273000121116638,10725039.0
91,0.8264999985694885,10843186.0
92,0.8281000256538391,10961180.0
93,0.8288000226020813,11079279.0
94,0.8276000022888184,11197209.0
95,0.828000009059906,11315254.0
96,0.8284000158309937,11433164.0
97,0.829800009727478,11551287.0
98,0.8299999833106995,11693835.0
99,0.8299000263214111,11818119.0
100,0.8287000060081482,11937207.0
101,0.8295000195503235,12056664.0
102,0.8299000263214111,12176419.0
103,0.8299000263214111,12296102.0
104,0.830299973487854,12415108.0
105,0.8305000066757202,12534713.0
106,0.8309999704360962,12653911.0
107,0.833299994468689,12773516.0
108,0.8330000042915344,12892535.0
109,0.8339999914169312,13011966.0
110,0.8342999815940857,13131030.0
111,0.833899974822998,13250640.0
112,0.8328999876976013,13370394.0
113,0.8341000080108643,13489853.0
114,0.8338000178337097,13608935.0
115,0.8353999853134155,13728425.0
116,0.8343999981880188,13847510.0
117,0.8360999822616577,13966929.0
118,0.8356999754905701,14085997.0
119,0.838100016117096,14205549.0
120,0.8359000086784363,14348715.0
121,0.8353000283241272,14467880.0
122,0.8363999724388123,14585731.0
123,0.8370000123977661,14704403.0
124,0.8367000222206116,14822531.0
125,0.8378000259399414,14940978.0
126,0.8359000086784363,15058929.0
127,0.8388000130653381,15177467.0
128,0.8395000100135803,15295358.0
129,0.8389000296592712,15413916.0
130,0.8391000032424927,15532152.0
131,0.8409000039100647,15650751.0
132,0.8392999768257141,15768841.0
133,0.840499997138977,15887138.0
134,0.8414000272750854,16005203.0
135,0.8407999873161316,16123568.0
136,0.8420000076293945,16241515.0
137,0.8421000242233276,16359832.0
138,0.8421000242233276,16477724.0
139,0.8424000144004822,16596132.0
140,0.8424000144004822,16714032.0
141,0.8427000045776367,16832398.0
142,0.8445000052452087,16950282.0
143,0.843500018119812,17068650.0
144,0.842199981212616,17186856.0
145,0.8443999886512756,17305338.0
146,0.8440999984741211,17423686.0
147,0.8446000218391418,17542280.0
148,0.845300018787384,17660310.0
149,0.8456000089645386,17778734.0
150,0.8460000157356262,17896894.0
151,0.8468999862670898,18015284.0
152,0.8474000096321106,18133254.0
153,0.8481000065803528,18251762.0
154,0.8482000231742859,18369718.0
155,0.8478000164031982,18488242.0
156,0.847599983215332,18606254.0
157,0.8478999733924866,18725144.0
158,0.848800003528595,18843302.0
159,0.8486999869346619,18961686.0
160,0.8492000102996826,19079576.0
161,0.848800003528595,19198036.0
162,0.8500000238418579,19316006.0
163,0.8497999906539917,19434426.0
164,0.8503000140190125,19552302.0
165,0.8508999943733215,19670746.0
166,0.8519999980926514,19788916.0
167,0.8507999777793884,19907184.0
168,0.8511999845504761,20025246.0
169,0.8517000079154968,20143538.0
170,0.8513000011444092,20261590.0
171,0.8533999919891357,20379782.0
172,0.8522999882698059,20497718.0
173,0.8526999950408936,20615880.0
174,0.8525000214576721,20733810.0
175,0.8532000184059143,20851986.0
176,0.8521000146865845,20970054.0
177,0.8529999852180481,21088220.0
178,0.852400004863739,21206168.0
179,0.8532000184059143,21324360.0
180,0.8547999858856201,21442218.0
181,0.8539999723434448,21560430.0
182,0.8532999753952026,21678210.0
183,0.853600025177002,21796596.0
184,0.853600025177002,21914574.0
185,0.8539000153541565,22032990.0
186,0.8543000221252441,22151076.0
187,0.8547999858856201,22269408.0
188,0.8549000024795532,22387366.0
189,0.8550999760627747,22505718.0
190,0.8547999858856201,22623750.0
191,0.8547999858856201,22742558.0
192,0.855400025844574,22860390.0
193,0.8547999858856201,22978710.0
194,0.8550999760627747,23096816.0
195,0.85589998960495,23214934.0
196,0.8557000160217285,23332728.0
197,0.8557000160217285,23450908.0
198,0.8547000288963318,23568890.0
199,0.8569999933242798,23687000.0
200,0.85589998960495,23804954.0
201,0.857200026512146,23923364.0
202,0.8571000099182129,24041262.0
203,0.8574000000953674,24159560.0
204,0.8580999970436096,24277350.0
205,0.8562999963760376,24395686.0
206,0.8574000000953674,24513456.0
207,0.8561999797821045,24631838.0
208,0.8568000197410583,24749548.0
209,0.8572999835014343,24867810.0
210,0.857200026512146,24985690.0
211,0.857200026512146,25103964.0
212,0.8586999773979187,25221744.0
213,0.859000027179718,25339932.0
214,0.8565999865531921,25457858.0
215,0.8587999939918518,25576102.0
216,0.8583999872207642,25693884.0
217,0.8585000038146973,25812048.0
218,0.8592000007629395,25929874.0
219,0.8604999780654907,26048082.0
220,0.8596000075340271,26166184.0
221,0.8597999811172485,26284432.0
222,0.8600000143051147,26402396.0
223,0.8592000007629395,26520564.0
224,0.8589000105857849,26638346.0
225,0.8605999946594238,26756368.0
226,0.8605999946594238,26874356.0
227,0.8607000112533569,26992392.0
228,0.8611999750137329,27110272.0
229,0.8607000112533569,27228438.0
230,0.8603000044822693,27346330.0
231,0.8593000173568726,27464490.0
232,0.8616999983787537,27582306.0
233,0.861299991607666,27700580.0
234,0.8619999885559082,27818360.0
235,0.8610000014305115,27936454.0
236,0.8621000051498413,28054748.0
237,0.8611999750137329,28172978.0
238,0.8615000247955322,28290820.0
239,0.8618000149726868,28408814.0
240,0.8608999848365784,28526700.0
241,0.86080002784729,28644882.0
242,0.8622999787330627,28762648.0
243,0.862500011920929,28880742.0
244,0.8618999719619751,28998488.0
245,0.8618000149726868,29116804.0
246,0.8632000088691711,29235138.0
247,0.862500011920929,29352994.0
248,0.8619999885559082,29470830.0
249,0.8622999787330627,29588822.0
250,0.8623999953269958,29706682.0
251,0.8618000149726868,29824854.0
252,0.8626999855041504,29942572.0
253,0.8623999953269958,30060592.0
254,0.8634999990463257,30178296.0
255,0.8639000058174133,30296464.0
256,0.8639000058174133,30414356.0
257,0.8644000291824341,30532378.0
258,0.8640000224113464,30650128.0
259,0.864300012588501,30768330.0
260,0.8641999959945679,30886218.0
261,0.8636999726295471,31004086.0
262,0.8629999756813049,31121986.0
263,0.8650000095367432,31239940.0
264,0.8644000291824341,31357640.0
265,0.8640999794006348,31475822.0
266,0.8633000254631042,31593610.0
267,0.8628000020980835,31711762.0
268,0.864300012588501,31829528.0
269,0.864300012588501,31947568.0
270,0.8647000193595886,32065474.0
271,0.8655999898910522,32183434.0
272,0.8652999997138977,32301202.0
273,0.8640999794006348,32419332.0
274,0.8647000193595886,32537200.0
275,0.8644999861717224,32655176.0
276,0.8651000261306763,32772774.0
277,0.8655999898910522,32890896.0
278,0.8665000200271606,33008588.0
279,0.8666999936103821,33126670.0
280,0.8644999861717224,33244386.0
281,0.8654999732971191,33377216.0
282,0.8666999936103821,33505506.0
283,0.8665000200271606,33625008.0
284,0.8658000230789185,33743968.0
285,0.8655999898910522,33863568.0
286,0.8668000102043152,33982352.0
287,0.8668000102043152,34101528.0
288,0.8666999936103821,34220540.0
289,0.8669000267982483,34339860.0
290,0.8659999966621399,34458896.0
291,0.8666999936103821,34578904.0
292,0.8654000163078308,34697920.0
293,0.8655999898910522,34817228.0
294,0.8659999966621399,34936152.0
295,0.8669999837875366,35055648.0
296,0.8679999709129333,35175668.0
297,0.8668000102043152,35295200.0
298,0.8664000034332275,35414284.0
299,0.8671000003814697,35533740.0
300,0.8666999936103821,35652732.0
301,0.8669000267982483,35772144.0
302,0.8672000169754028,35891076.0
303,0.8668000102043152,36010632.0
304,0.866599977016449,36130648.0
305,0.8665000200271606,36249996.0
306,0.8669999837875366,36368740.0
307,0.8654999732971191,36487712.0
308,0.8684999942779541,36606500.0
309,0.8676999807357788,36725584.0
310,0.8679999709129333,36844200.0
311,0.866599977016449,36963260.0
312,0.8687999844551086,37082124.0
313,0.8682000041007996,37201060.0
314,0.8693000078201294,37319436.0
315,0.8686000108718872,37438460.0
316,0.867900013923645,37556868.0
317,0.867900013923645,37675864.0
318,0.8691999912261963,37794412.0
319,0.8690999746322632,37913320.0
320,0.867900013923645,38031684.0
321,0.8680999875068665,38150956.0
322,0.8679999709129333,38269576.0
323,0.8690000176429749,38388492.0
324,0.869700014591217,38506864.0
325,0.8687000274658203,38626228.0
326,0.8683000206947327,38745052.0
327,0.8698999881744385,38863936.0
328,0.8708000183105469,38982564.0
329,0.8690999746322632,39103000.0
330,0.8694000244140625,39221536.0
331,0.8712000250816345,39340416.0
332,0.8705000281333923,39459004.0
333,0.8698999881744385,39577948.0
334,0.8711000084877014,39696592.0
335,0.8687000274658203,39816004.0
336,0.8704000115394592,39934568.0
337,0.870199978351593,40053700.0
338,0.8704000115394592,40172288.0
339,0.8701000213623047,40291104.0
340,0.8694999814033508,40409600.0
341,0.8704000115394592,40528492.0
342,0.8708000183105469,40647160.0
343,0.8705999851226807,40766044.0
344,0.869700014591217,40884688.0
345,0.8707000017166138,41003548.0
346,0.870199978351593,41122280.0
347,0.8708999752998352,41241224.0
348,0.8708999752998352,41359844.0
349,0.8712000250816345,41478944.0
350,0.8705000281333923,41597572.0
351,0.8709999918937683,41716300.0
352,0.871999979019165,41834856.0
353,0.8698999881744385,41967768.0
354,0.8698999881744385,42099528.0
355,0.870199978351593,42217392.0
356,0.8701000213623047,42334656.0
357,0.8708999752998352,42452460.0
358,0.8705000281333923,42569792.0
359,0.8705999851226807,42687712.0
360,0.8708000183105469,42804920.0
361,0.8708000183105469,42922708.0
362,0.8694999814033508,43039984.0
363,0.8718000054359436,43157784.0
364,0.8723000288009644,43275236.0
365,0.871999979019165,43392876.0
366,0.8694000244140625,43510228.0
367,0.8702999949455261,43628020.0
368,0.8715999722480774,43767984.0
369,0.8708000183105469,43891352.0
370,0.8715000152587891,44010428.0
371,0.8726000189781189,44129664.0
372,0.8725000023841858,44248256.0
373,0.8718000054359436,44367156.0
374,0.871399998664856,44485760.0
375,0.8716999888420105,44604464.0
376,0.873199999332428,44722980.0
377,0.871399998664856,44841612.0
378,0.8712000250816345,44960120.0
379,0.8711000084877014,45079124.0
380,0.8727999925613403,45197780.0
381,0.8722000122070312,45316676.0
382,0.8723000288009644,45435124.0
383,0.8722000122070312,45553864.0
384,0.8718000054359436,45672572.0
385,0.8723000288009644,45791352.0
386,0.8733000159263611,45910020.0
387,0.8725000023841858,46028832.0
388,0.8727999925613403,46147268.0
389,0.8730000257492065,46265900.0
390,0.8729000091552734,46384336.0
391,0.8722000122070312,46503316.0
392,0.8727999925613403,46621840.0
393,0.8729000091552734,46740656.0
394,0.8729000091552734,46859192.0
395,0.8723999857902527,46978084.0
396,0.8733000159263611,47096784.0
397,0.8733000159263611,47215732.0
398,0.8726999759674072,47348268.0
399,0.8729000091552734,47487248.0
400,0.873199999332428,47604392.0
401,0.8737999796867371,47723068.0
402,0.8729000091552734,47841536.0
403,0.8737000226974487,47960476.0
404,0.8730000257492065,48078640.0
405,0.8733000159263611,48197756.0
406,0.8712000250816345,48316144.0
407,0.8729000091552734,48435196.0
408,0.8722000122070312,48553484.0
409,0.8741000294685364,48672264.0
410,0.8726000189781189,48790736.0
411,0.8723999857902527,48909480.0
412,0.8729000091552734,49027672.0
413,0.8726000189781189,49146512.0
414,0.8707000017166138,49265280.0
415,0.8725000023841858,49384476.0
416,0.8733999729156494,49502992.0
417,0.8726000189781189,49621796.0
418,0.8738999962806702,49740112.0
419,0.8712000250816345,49858828.0
420,0.8723000288009644,49977220.0
421,0.8733000159263611,50095840.0
422,0.8737999796867371,50214064.0
423,0.8726999759674072,50332956.0
424,0.8733999729156494,50451980.0
425,0.8730000257492065,50570928.0
426,0.8733999729156494,50689412.0
427,0.8738999962806702,50808260.0
428,0.8722000122070312,50926700.0
429,0.8727999925613403,51045540.0
430,0.8744000196456909,51163944.0
431,0.8737999796867371,51282968.0
432,0.8725000023841858,51401524.0
433,0.8730000257492065,51520172.0
434,0.8736000061035156,51638352.0
435,0.8740000128746033,51757096.0
436,0.8733999729156494,51875444.0
437,0.8744000196456909,51994260.0
438,0.8748999834060669,52112608.0
439,0.8741999864578247,52231472.0
440,0.8741999864578247,52349828.0
441,0.8733000159263611,52468948.0
442,0.873199999332428,52587524.0
443,0.8733999729156494,52706420.0
444,0.8743000030517578,52847680.0
445,0.8733999729156494,52970684.0
446,0.8734999895095825,53088924.0
447,0.8738999962806702,53207536.0
448,0.8758000135421753,53325796.0
449,0.8730000257492065,53444164.0
450,0.8736000061035156,53562368.0
451,0.8745999932289124,53680688.0
452,0.8737000226974487,53798636.0
453,0.8745999932289124,53917032.0
454,0.8726000189781189,54034880.0
455,0.8737000226974487,54153444.0
456,0.8743000030517578,54271488.0
457,0.8740000128746033,54389904.0
458,0.8723000288009644,54508500.0
459,0.8751000165939331,54627420.0
460,0.8729000091552734,54745396.0
461,0.8744000196456909,54863764.0
462,0.8741000294685364,54982060.0
463,0.8751000165939331,55100564.0
464,0.8741000294685364,55218592.0
465,0.8745999932289124,55336836.0
466,0.8743000030517578,55454804.0
467,0.8752999901771545,55573160.0
468,0.8740000128746033,55691688.0
469,0.8745999932289124,55810192.0
470,0.8741999864578247,55928240.0
471,0.8738999962806702,56046652.0
472,0.8755000233650208,56164588.0
473,0.8736000061035156,56283008.0
474,0.8738999962806702,56400908.0
475,0.8758999705314636,56519376.0
476,0.8737999796867371,56637544.0
477,0.8758999705314636,56755852.0
478,0.875,56873920.0
479,0.8748000264167786,56992572.0
480,0.8752999901771545,57110644.0
481,0.8748000264167786,57228952.0
482,0.8745999932289124,57347012.0
483,0.8751000165939331,57488244.0
484,0.8744000196456909,57611128.0
485,0.8754000067710876,57730248.0
486,0.8737000226974487,57848752.0
487,0.8738999962806702,57967836.0
488,0.8740000128746033,58086184.0
489,0.8737999796867371,58205152.0
490,0.875,58323600.0
491,0.8744999766349792,58442620.0
492,0.8758000135421753,58561288.0
493,0.8759999871253967,58680216.0
494,0.8748000264167786,58798592.0
495,0.8741000294685364,58917404.0
496,0.8755000233650208,59035924.0
497,0.8748999834060669,59155024.0
498,0.8756999969482422,59273496.0
499,0.8744999766349792,59392440.0
500,0.8752999901771545,59510944.0
501,0.8737999796867371,59629848.0
502,0.8747000098228455,59748284.0
503,0.8733999729156494,59867832.0
504,0.8737000226974487,59986504.0
505,0.875,60105540.0
506,0.8748999834060669,60224180.0
507,0.8740000128746033,60343204.0
508,0.8744999766349792,60461784.0
509,0.8755999803543091,60580752.0
510,0.8751999735832214,60699272.0
511,0.875,60818240.0
512,0.8766000270843506,60936996.0
513,0.8737999796867371,61056400.0
514,0.8755000233650208,61174944.0
515,0.8748999834060669,61294004.0
516,0.8741000294685364,61412752.0
517,0.8761000037193298,61531672.0
518,0.8758999705314636,61650788.0
519,0.8754000067710876,61769784.0
520,0.8754000067710876,61888412.0
521,0.8744000196456909,62007428.0
522,0.8737999796867371,62125888.0
523,0.8755000233650208,62244760.0
524,0.8744000196456909,62363340.0
525,0.8744000196456909,62496152.0
526,0.8745999932289124,62627820.0
527,0.875,62746368.0
528,0.8748999834060669,62864528.0
529,0.8762000203132629,62982864.0
530,0.8741000294685364,63100888.0
531,0.8747000098228455,63219396.0
532,0.8762999773025513,63337492.0
533,0.8741000294685364,63455960.0
534,0.8747000098228455,63574120.0
535,0.8752999901771545,63692636.0
536,0.8747000098228455,63810716.0
537,0.8761000037193298,63929180.0
538,0.8763999938964844,64047360.0
539,0.8759999871253967,64165944.0
540,0.8758999705314636,64284008.0
541,0.8755999803543091,64402400.0
542,0.8738999962806702,64520380.0
543,0.8758999705314636,64638752.0
544,0.8747000098228455,64757036.0
545,0.8744999766349792,64875488.0
546,0.8741000294685364,64993668.0
547,0.8751000165939331,65112512.0
548,0.8752999901771545,65230864.0
549,0.8758999705314636,65349136.0
550,0.8754000067710876,65467220.0
551,0.8751999735832214,65585484.0
552,0.8755999803543091,65703544.0
553,0.8754000067710876,65821932.0
554,0.8762000203132629,65940036.0
555,0.8751999735832214,66058696.0
556,0.8752999901771545,66176576.0
557,0.875,66295436.0
558,0.8759999871253967,66413528.0
559,0.8755999803543091,66531892.0
560,0.8744000196456909,66650020.0
561,0.875,66768348.0
562,0.8725000023841858,66886468.0
563,0.8741000294685364,67005112.0
564,0.8758000135421753,67123288.0
565,0.8756999969482422,67241928.0
566,0.8755999803543091,67359936.0
567,0.8747000098228455,67478408.0
568,0.8752999901771545,67596496.0
569,0.8745999932289124,67714928.0
570,0.8754000067710876,67833152.0
571,0.8741999864578247,67951864.0
572,0.8737999796867371,68069888.0
573,0.8748999834060669,68188344.0
574,0.8756999969482422,68306480.0
575,0.8758000135421753,68425112.0
576,0.8752999901771545,68543168.0
577,0.8751999735832214,68661840.0
578,0.8751999735832214,68779952.0
579,0.8755000233650208,68898528.0
580,0.8754000067710876,69016696.0
581,0.8752999901771545,69135200.0
582,0.8751000165939331,69253344.0
583,0.8737999796867371,69371704.0
584,0.8754000067710876,69489896.0
585,0.8747000098228455,69608664.0
586,0.8745999932289124,69726648.0
587,0.8754000067710876,69845168.0
588,0.8763999938964844,69963224.0
589,0.8752999901771545,70081648.0
590,0.876800000667572,70199848.0
591,0.8756999969482422,70332712.0
592,0.8758999705314636,70464968.0
593,0.8762999773025513,70584072.0
594,0.8774999976158142,70702592.0
595,0.8755000233650208,70821616.0
596,0.8751000165939331,70940208.0
597,0.8745999932289124,71058992.0
598,0.8762000203132629,71177488.0
599,0.8761000037193298,71296512.0
600,0.8759999871253967,71414992.0
601,0.8747000098228455,71534064.0
602,0.8751999735832214,71652864.0
603,0.875,71771848.0
604,0.8752999901771545,71890400.0
605,0.8754000067710876,72009152.0
606,0.8769999742507935,72127728.0
607,0.8765000104904175,72246768.0
608,0.8748000264167786,72365440.0
609,0.8758000135421753,72484392.0
610,0.8754000067710876,72603024.0
611,0.8769000172615051,72721992.0
612,0.8748999834060669,72840568.0
613,0.8759999871253967,72959608.0
614,0.8762000203132629,73078112.0
615,0.8752999901771545,73197176.0
616,0.8758000135421753,73315856.0
617,0.8748000264167786,73434984.0
618,0.875,73553456.0
619,0.875,73672448.0
620,0.8762999773025513,73791064.0
621,0.8755999803543091,73910128.0
622,0.8755999803543091,74028824.0
623,0.8759999871253967,74147744.0
624,0.8748000264167786,74266472.0
625,0.8748000264167786,74385424.0
626,0.8748999834060669,74504104.0
627,0.8762999773025513,74622944.0
628,0.8769000172615051,74741472.0
629,0.8754000067710876,74860496.0
630,0.8748999834060669,74979080.0
631,0.8766000270843506,75097984.0
632,0.876800000667572,75216416.0
633,0.8758000135421753,75335448.0
634,0.8744000196456909,75453984.0
635,0.8752999901771545,75573008.0
636,0.8758000135421753,75692112.0
637,0.8751999735832214,75811752.0
638,0.8756999969482422,75930272.0
639,0.8756999969482422,76049160.0
640,0.8754000067710876,76167680.0
641,0.8762000203132629,76286808.0
642,0.8763999938964844,76405296.0
643,0.8744000196456909,76524072.0
644,0.8770999908447266,76642664.0
645,0.8769000172615051,76761392.0
646,0.8776999711990356,76880336.0
647,0.8758999705314636,76999248.0
648,0.8756999969482422,77117800.0
649,0.8745999932289124,77236648.0
650,0.8758999705314636,77355216.0
651,0.8769000172615051,77474072.0
652,0.8751999735832214,77592528.0
653,0.8754000067710876,77711368.0
654,0.8748999834060669,77829784.0
655,0.8761000037193298,77948600.0
656,0.8751999735832214,78067184.0
657,0.8748000264167786,78186024.0
658,0.8756999969482422,78304280.0
659,0.8761000037193298,78423136.0
660,0.8755000233650208,78541824.0
661,0.8756999969482422,78660640.0
662,0.8762000203132629,78778960.0
663,0.8762000203132629,78897920.0
664,0.8756999969482422,79016256.0
665,0.8743000030517578,79135296.0
666,0.8755000233650208,79253824.0
667,0.8752999901771545,79372736.0
668,0.8751999735832214,79491240.0
669,0.8754000067710876,79610192.0
670,0.876800000667572,79728744.0
671,0.8743000030517578,79847880.0
672,0.8758000135421753,79966344.0
673,0.8759999871253967,80085072.0
674,0.8756999969482422,80203624.0
675,0.8755999803543091,80322600.0
676,0.8763999938964844,80440944.0
677,0.8762000203132629,80559776.0
678,0.8751000165939331,80678344.0
679,0.8751000165939331,80797288.0
680,0.8761000037193298,80915896.0
681,0.8752999901771545,81035104.0
682,0.8755000233650208,81153936.0
683,0.8752999901771545,81272920.0
684,0.8761000037193298,81391360.0
685,0.8755999803543091,81510176.0
686,0.878000020980835,81628784.0
687,0.8758000135421753,81747664.0
688,0.8751000165939331,81866232.0
689,0.8758000135421753,81985072.0
690,0.8773000240325928,82103888.0
691,0.8763999938964844,82222976.0
692,0.875,82341424.0
693,0.8754000067710876,82460112.0
694,0.8751999735832214,82578720.0
695,0.8759999871253967,82697552.0
696,0.8773000240325928,82816184.0
697,0.8759999871253967,82935168.0
698,0.8754000067710876,83053624.0
699,0.8759999871253967,83172616.0
700,0.8755999803543091,83291272.0
701,0.8759999871253967,83410104.0
702,0.8759999871253967,83528624.0
703,0.8761000037193298,83647552.0
704,0.876800000667572,83766072.0
705,0.8754000067710876,83884976.0
706,0.8752999901771545,84003544.0
707,0.8772000074386597,84122376.0
708,0.8751999735832214,84240880.0
709,0.8748000264167786,84359856.0
710,0.8745999932289124,84478528.0
711,0.875,84597568.0
712,0.8756999969482422,84739016.0
713,0.8751000165939331,84862072.0
714,0.8761000037193298,84980072.0
715,0.8756999969482422,85098800.0
716,0.8751000165939331,85217048.0
717,0.8745999932289124,85335656.0
718,0.8751999735832214,85453856.0
719,0.876800000667572,85572216.0
720,0.8756999969482422,85690256.0
721,0.8766000270843506,85808672.0
722,0.8748999834060669,85926760.0
723,0.875,86045456.0
724,0.8769999742507935,86163640.0
725,0.8756999969482422,86282840.0
726,0.8762000203132629,86401360.0
727,0.8769999742507935,86520112.0
728,0.8745999932289124,86660960.0
729,0.8756999969482422,86781968.0
730,0.8751000165939331,86900608.0
731,0.8758999705314636,87019608.0
732,0.8755000233650208,87138096.0
733,0.8748999834060669,87257088.0
734,0.8759999871253967,87375600.0
735,0.8748000264167786,87495096.0
736,0.8759999871253967,87613832.0
737,0.8765000104904175,87732648.0
738,0.875,87851112.0
739,0.875,87969992.0
740,0.8748999834060669,88089192.0
741,0.8752999901771545,88207912.0
742,0.8759999871253967,88326352.0
743,0.8736000061035156,88445192.0
744,0.8751999735832214,88563536.0
745,0.8761000037193298,88682488.0
746,0.8758000135421753,88801168.0
747,0.8754000067710876,88920008.0
748,0.8736000061035156,89038704.0
749,0.8754000067710876,89157496.0
750,0.8744000196456909,89276144.0
751,0.8755999803543091,89395144.0
752,0.8754000067710876,89513808.0
753,0.8758999705314636,89632760.0
754,0.8755000233650208,89751408.0
755,0.8744000196456909,89870272.0
756,0.8756999969482422,89988648.0
757,0.8766000270843506,90107560.0
758,0.8765000104904175,90225920.0
759,0.8755000233650208,90344864.0
760,0.8758000135421753,90463496.0
761,0.8755999803543091,90582336.0
762,0.8762999773025513,90700888.0
763,0.8754000067710876,90820048.0
764,0.8744000196456909,90938664.0
765,0.8740000128746033,91057464.0
766,0.8748000264167786,91175872.0
767,0.8747000098228455,91294624.0
768,0.8744999766349792,91413056.0
769,0.8762000203132629,91531920.0
770,0.875,91651256.0
771,0.8751000165939331,91770408.0
772,0.8759999871253967,91888928.0
773,0.8756999969482422,92007968.0
774,0.8743000030517578,92126400.0
775,0.8752999901771545,92245456.0
776,0.8743000030517578,92364088.0
777,0.8755999803543091,92483048.0
778,0.8751999735832214,92624312.0
779,0.8762000203132629,92747736.0
780,0.8751000165939331,92865864.0
781,0.8743000030517578,92984400.0
782,0.8755999803543091,93102632.0
783,0.8752999901771545,93221192.0
784,0.8762000203132629,93339304.0
